{
  "input_path": "E:/Premier Pro Dosyalar\u0131m/Karaca Expresso Makinas\u0131/IMG_3556.MOV",
  "threshold": -35.0,
  "min_silence": 0.25,
  "pad": 0.1,
  "min_keep": 0.1,
  "audio_stream": "",
  "regen_mono": false,
  "use_vad": true,
  "volume": 80,
  "session": {
    "px_per_sec": 4.48,
    "playhead_sec": 23.195,
    "xview": 0.0,
    "file_size": 129720418,
    "file_mtime": 1770505381.0,
    "plan": {
      "duration": 79.443333,
      "kept_total": 36.847332999999935,
      "removed_total": 42.59600000000006,
      "keeps_count": 24,
      "keeps": [
        [
          1.1159999999999999,
          2.02
        ],
        [
          3.932,
          5.795999999999999
        ],
        [
          6.364000000000001,
          9.86
        ],
        [
          10.364,
          11.363999999999999
        ],
        [
          12.924,
          13.636
        ],
        [
          14.364,
          14.724
        ],
        [
          15.42,
          16.292
        ],
        [
          16.892,
          18.468
        ],
        [
          18.587999999999997,
          20.836000000000002
        ],
        [
          32.156,
          36.996
        ],
        [
          38.364,
          39.556000000000004
        ],
        [
          41.852,
          42.212
        ],
        [
          42.748,
          44.484
        ],
        [
          45.596,
          45.924
        ],
        [
          46.012,
          47.492000000000004
        ],
        [
          49.308,
          50.468
        ],
        [
          51.356,
          53.348
        ],
        [
          65.5,
          66.33999999999999
        ],
        [
          67.06800000000001,
          68.89999999999999
        ],
        [
          69.02000000000001,
          69.66799999999999
        ],
        [
          69.82000000000001,
          70.30799999999999
        ],
        [
          70.71600000000001,
          72.58
        ],
        [
          73.596,
          75.10799999999999
        ],
        [
          75.9,
          79.443333
        ]
      ],
      "removes": [
        [
          0.0,
          1.1159999999999999
        ],
        [
          2.02,
          3.932
        ],
        [
          5.795999999999999,
          6.364000000000001
        ],
        [
          9.86,
          10.364
        ],
        [
          11.363999999999999,
          12.924
        ],
        [
          13.636,
          14.364
        ],
        [
          14.724,
          15.42
        ],
        [
          16.292,
          16.892
        ],
        [
          18.468,
          18.587999999999997
        ],
        [
          20.836000000000002,
          32.156
        ],
        [
          36.996,
          38.364
        ],
        [
          39.556000000000004,
          41.852
        ],
        [
          42.212,
          42.748
        ],
        [
          44.484,
          45.596
        ],
        [
          45.924,
          46.012
        ],
        [
          47.492000000000004,
          49.308
        ],
        [
          50.468,
          51.356
        ],
        [
          53.348,
          65.5
        ],
        [
          66.33999999999999,
          67.06800000000001
        ],
        [
          68.89999999999999,
          69.02000000000001
        ],
        [
          69.66799999999999,
          69.82000000000001
        ],
        [
          70.30799999999999,
          70.71600000000001
        ],
        [
          72.58,
          73.596
        ],
        [
          75.10799999999999,
          75.9
        ]
      ]
    }
  }
}